{"cameraMode":{"drawMode":0,"name":"Shaded","section":"Shading Mode"},"sceneLighting":true,"audioPlay":false,"sceneViewState":{"showFog":true,"showMaterialUpdate":false,"showSkybox":true,"showFlares":true,"showImageEffects":true,"showParticleSystems":true},"in2DMode":false,"pivot":{"x":0.6544723510742188,"y":-2.782280921936035,"z":3.9232730865478517},"rotation":{"x":0.02880316972732544,"y":-0.9643968343734741,"z":0.23478925228118897,"w":0.11836645007133484},"size":26.872573852539064,"orthographic":false}